{"cameraMode":{"drawMode":0,"name":"Shaded","section":"Shading Mode"},"sceneLighting":false,"audioPlay":false,"sceneViewState":{"m_AlwaysRefresh":false,"showFog":true,"showSkybox":false,"showFlares":true,"showImageEffects":true,"showParticleSystems":true,"showVisualEffectGraphs":true,"m_FxEnabled":true},"in2DMode":false,"pivot":{"x":508.9991760253906,"y":290.3274230957031,"z":-181.03518676757813},"rotation":{"x":-0.03538575768470764,"y":0.005404360126703978,"z":-0.00017986430611927062,"w":-0.9992985129356384},"size":70.7106704711914,"orthographic":false}